replicate,between_half_R_matrix_correlation,spearman_brown_reliability
0,0.7747931612818326,0.8731081211990285
1,0.7449009884396796,0.8538031594626843
2,0.7859662849315808,0.8801580316077363
3,0.7997208348021972,0.8887165379625029
4,0.770482081583657,0.8703641675881609
5,0.6890535232341557,0.8159049002956092
6,0.7691230652650421,0.869496396679239
7,0.6793573997864855,0.8090682779887823
8,0.7905878266646073,0.8830483653373917
9,0.7523815836701208,0.858696063324703
10,0.83478824694971,0.9099559563208721
11,0.7348120467778104,0.8471373577819327
12,0.7476801127788597,0.8556258176904327
13,0.8176034756021484,0.8996499914056194
14,0.7205774110408414,0.8375995249233654
15,0.7719953478062329,0.8713288652388159
16,0.7891497020544911,0.8821505558180021
17,0.8466003234862471,0.9169285986996117
18,0.7577384241716814,0.862174273204227
19,0.8174539393297895,0.8995594569304316
20,0.8300350986299866,0.9071247860233644
21,0.7786975338513368,0.8755817321737179
22,0.7937551828334257,0.8850206432068456
23,0.6972256016888405,0.8216062743751444
24,0.8012675482977578,0.8896707755102515
25,0.7853640595216618,0.879780295041985
26,0.7992841525789475,0.8884468319618318
27,0.7865188796846482,0.8805044140630436
28,0.7592660135256771,0.8631622593607221
29,0.7890822881521794,0.8821084344501207
30,0.7654297179951723,0.8671313394048864
31,0.7531349478760541,0.8591865090459658
32,0.7833130833713776,0.8784919380398574
33,0.7889294333198428,0.88201291635721
34,0.8212210539135043,0.9018356691504696
35,0.7884017707372,0.8816830576187716
36,0.758652431135094,0.862765624069827
37,0.7866691154212238,0.8805985491451888
38,0.704019472069055,0.8263044919483464
39,0.7841425453170706,0.8790133359862409
40,0.7604746317246078,0.8639427322842211
41,0.8021184401281459,0.8901950307673545
42,0.7861325196381229,0.8802622548940503
43,0.7743063410757045,0.8727989334764679
44,0.7431544386645255,0.85265473004661
45,0.7976280098446276,0.8874227654180445
46,0.751318118696016,0.8580030214675413
47,0.8515704384583214,0.9198358547648525
48,0.7720484137966718,0.8713626645702447
49,0.7347308632866384,0.8470834050817657
50,0.8135220042135478,0.8971735686949548
51,0.786478711382819,0.8804792426258998
52,0.8180414970134243,0.8999150991407585
53,0.8415125287397143,0.913936251430909
54,0.8008644797958187,0.889422262231104
55,0.783807305906127,0.878802663618393
56,0.7725807307323098,0.8717016013291897
57,0.8030768743300091,0.890784952947076
58,0.7807147594356998,0.8768554933335923
59,0.8209556494182053,0.9016756115729676
60,0.7494013525739821,0.8567517699370133
61,0.7662787874794833,0.8676759217303166
62,0.7465546869335826,0.8548884183458406
63,0.812278860161521,0.8964170779866911
64,0.6021248898629162,0.7516578684629714
65,0.812618617238441,0.8966239334741921
66,0.8150716926161744,0.8981151498664623
67,0.8218057943469522,0.9021881441995724
68,0.8221548486185423,0.9023984424176188
69,0.8245207606413429,0.903821736017422
70,0.771741450627013,0.8711671224420431
71,0.6258613847384564,0.7698828333254687
72,0.7632860560926379,0.8657540884591864
73,0.8442647542719202,0.915557001581608
74,0.7992706767744128,0.8884385068813333
75,0.8203275938754869,0.9012966640021154
76,0.7388236583828024,0.8497971083162593
77,0.7812580295338517,0.8771980438323177
78,0.7351417094405313,0.8473563922079493
79,0.8283186724316687,0.9060987943967149
80,0.7947121333762774,0.8856151564331782
81,0.8382570981237131,0.9120129050276068
82,0.8106556025050796,0.8954277129052269
83,0.7892400133066783,0.882206978870421
84,0.8442059785259124,0.9155224398531584
85,0.8085455205306521,0.8941389767103167
86,0.7801593749389619,0.8765050881646055
87,0.7645184224488528,0.8665462629603273
88,0.8122225921740654,0.8963828126650468
89,0.7809218323709872,0.8769860845956678
90,0.7616023894183938,0.8646700231484614
91,0.8438824449431966,0.9153321539098374
92,0.8007627142447461,0.8893595007386547
93,0.8404042963515144,0.9132822587053975
94,0.7677095440632282,0.8685924072102746
95,0.8063949396326323,0.8928224077029683
96,0.7766990418190457,0.8743169479326498
97,0.75236040639706,0.8586822706682244
98,0.8115589366677017,0.895978508058408
99,0.7504060256098459,0.8574079552181644
