algo,family
ada,adaboost
ada_n100_lr0.5,adaboost
ada_n200_lr0.5,adaboost
ada_n200_lr1,adaboost
ada_n25_lr1,adaboost
ada_n50_lr0.5,adaboost
ada_n50_lr1,adaboost
bnb,naive_bayes
bnb_a0.1,naive_bayes
bnb_a10,naive_bayes
cart_d12,cart
cart_d2,cart
cart_d3,cart
cart_d5,cart
cart_d8,cart
cart_dNone,cart
cart_ent,cart
et_0.5,extra_trees
et_0.5_d3,extra_trees
et_0.5_d8,extra_trees
et_sqrt,extra_trees
et_sqrt_bal,extra_trees
et_sqrt_d3,extra_trees
et_sqrt_d8,extra_trees
gnb,naive_bayes
gnb_vs1e-11,naive_bayes
gnb_vs1e-5,naive_bayes
gnb_vs1e-7,naive_bayes
hgb_lr0.05_it200,hist_gradient_boosting
hgb_lr0.05_it50,hist_gradient_boosting
hgb_lr0.1_it100,hist_gradient_boosting
hgb_lr0.1_it200,hist_gradient_boosting
hgb_lr0.1_it50,hist_gradient_boosting
hgb_lr0.2_it200,hist_gradient_boosting
hgb_lr0.2_it50,hist_gradient_boosting
knn_k1,knn
knn_k15,knn
knn_k3,knn
knn_k31,knn
knn_k5,knn
knnd_k15,knn
knnd_k5,knn
lda,lda
lda_lsqr_auto,lda
lda_lsqr_s0.1,lda
lda_lsqr_s0.5,lda
lda_lsqr_s0.9,lda
lda_svd_tol1e-2,lda
lda_svd_tol1e-6,lda
linsvm_C0.001,linear_svm
linsvm_C0.01,linear_svm
linsvm_C0.1,linear_svm
linsvm_C1,linear_svm
linsvm_C10,linear_svm
linsvm_C100,linear_svm
linsvm_C1_bal,linear_svm
logreg_C0.001,logistic_regression
logreg_C0.01,logistic_regression
logreg_C0.1,logistic_regression
logreg_C1,logistic_regression
logreg_C10,logistic_regression
logreg_C100,logistic_regression
logreg_C1_bal,logistic_regression
mlp_1L,mlp
mlp_2L,mlp
mlp_h128,mlp
mlp_h128_64,mlp
mlp_h16,mlp
mlp_h32_16,mlp
mlp_h64,mlp
rbfsvm_C0.1_g0.01,rbf_svm
rbfsvm_C0.1_gscale,rbf_svm
rbfsvm_C10_g0.01,rbf_svm
rbfsvm_C10_gscale,rbf_svm
rbfsvm_C1_g0.01,rbf_svm
rbfsvm_C1_g0.1,rbf_svm
rbfsvm_C1_gscale,rbf_svm
rf_0.5_d3,random_forest
rf_0.5_d8,random_forest
rf_0.5_dNone,random_forest
rf_sqrt_d3,random_forest
rf_sqrt_d8,random_forest
rf_sqrt_dNone,random_forest
rf_sqrt_dNone_bal,random_forest
