family,family_index,position_within_family,config,reused_from_layer2_k36,new_in_layer3
logistic_regression,0,0,logreg_C0.001,False,True
logistic_regression,0,1,logreg_C0.01,True,False
logistic_regression,0,2,logreg_C0.1,False,True
logistic_regression,0,3,logreg_C1,True,False
logistic_regression,0,4,logreg_C10,False,True
logistic_regression,0,5,logreg_C100,True,False
logistic_regression,0,6,logreg_C1_bal,False,True
linear_svm,1,0,linsvm_C0.001,False,True
linear_svm,1,1,linsvm_C0.01,True,False
linear_svm,1,2,linsvm_C0.1,False,True
linear_svm,1,3,linsvm_C1,True,False
linear_svm,1,4,linsvm_C10,True,False
linear_svm,1,5,linsvm_C100,False,True
linear_svm,1,6,linsvm_C1_bal,False,True
rbf_svm,2,0,rbfsvm_C0.1_gscale,False,True
rbf_svm,2,1,rbfsvm_C0.1_g0.01,False,True
rbf_svm,2,2,rbfsvm_C1_gscale,True,False
rbf_svm,2,3,rbfsvm_C1_g0.01,True,False
rbf_svm,2,4,rbfsvm_C1_g0.1,False,True
rbf_svm,2,5,rbfsvm_C10_gscale,True,False
rbf_svm,2,6,rbfsvm_C10_g0.01,True,False
knn,3,0,knn_k1,True,False
knn,3,1,knn_k3,False,True
knn,3,2,knn_k5,True,False
knn,3,3,knn_k15,True,False
knn,3,4,knn_k31,True,False
knn,3,5,knnd_k5,True,False
knn,3,6,knnd_k15,True,False
cart,4,0,cart_d2,False,True
cart,4,1,cart_d3,True,False
cart,4,2,cart_d5,False,True
cart,4,3,cart_d8,True,False
cart,4,4,cart_d12,False,True
cart,4,5,cart_dNone,True,False
cart,4,6,cart_ent,True,False
random_forest,5,0,rf_sqrt_d3,False,True
random_forest,5,1,rf_sqrt_d8,True,False
random_forest,5,2,rf_sqrt_dNone,True,False
random_forest,5,3,rf_0.5_d3,False,True
random_forest,5,4,rf_0.5_d8,True,False
random_forest,5,5,rf_0.5_dNone,True,False
random_forest,5,6,rf_sqrt_dNone_bal,False,True
extra_trees,6,0,et_sqrt,True,False
extra_trees,6,1,et_0.5,True,False
extra_trees,6,2,et_sqrt_d3,False,True
extra_trees,6,3,et_0.5_d3,False,True
extra_trees,6,4,et_sqrt_d8,False,True
extra_trees,6,5,et_0.5_d8,False,True
extra_trees,6,6,et_sqrt_bal,False,True
hist_gradient_boosting,7,0,hgb_lr0.05_it50,True,False
hist_gradient_boosting,7,1,hgb_lr0.05_it200,True,False
hist_gradient_boosting,7,2,hgb_lr0.1_it50,False,True
hist_gradient_boosting,7,3,hgb_lr0.1_it100,False,True
hist_gradient_boosting,7,4,hgb_lr0.1_it200,False,True
hist_gradient_boosting,7,5,hgb_lr0.2_it50,True,False
hist_gradient_boosting,7,6,hgb_lr0.2_it200,True,False
adaboost,8,0,ada,True,False
adaboost,8,1,ada_n25_lr1,False,True
adaboost,8,2,ada_n50_lr1,False,True
adaboost,8,3,ada_n200_lr1,False,True
adaboost,8,4,ada_n50_lr0.5,False,True
adaboost,8,5,ada_n100_lr0.5,False,True
adaboost,8,6,ada_n200_lr0.5,False,True
naive_bayes,9,0,gnb,True,False
naive_bayes,9,1,gnb_vs1e-11,False,True
naive_bayes,9,2,gnb_vs1e-7,False,True
naive_bayes,9,3,gnb_vs1e-5,False,True
naive_bayes,9,4,bnb,True,False
naive_bayes,9,5,bnb_a0.1,False,True
naive_bayes,9,6,bnb_a10,False,True
lda,10,0,lda,True,False
lda,10,1,lda_svd_tol1e-6,False,True
lda,10,2,lda_svd_tol1e-2,False,True
lda,10,3,lda_lsqr_auto,False,True
lda,10,4,lda_lsqr_s0.1,False,True
lda,10,5,lda_lsqr_s0.5,False,True
lda,10,6,lda_lsqr_s0.9,False,True
mlp,11,0,mlp_1L,True,False
mlp,11,1,mlp_2L,True,False
mlp,11,2,mlp_h16,False,True
mlp,11,3,mlp_h64,False,True
mlp,11,4,mlp_h128,False,True
mlp,11,5,mlp_h32_16,False,True
mlp,11,6,mlp_h128_64,False,True
