dataset_name,CatBoost,DANet,DecisionTree,FTTransformer,KNN,LightGBM,LinearModel,MLP,MLP-rtdl,NODE,RandomForest,ResNet,SAINT,STG,SVM,TabNet,VIME,XGBoost
Australian (146818),0.872463768115942,0.8623188405797102,0.8362318840579711,0.8347826086956521,0.7115942028985507,0.8521739130434783,0.8507246376811594,0.7666666666666667,0.8608695652173914,0.8579710144927537,0.8623188405797102,0.8565217391304347,0.8652173913043478,0.7159420289855072,0.7550724637681159,0.8159420289855073,0.7550724637681159,0.855072463768116
Click-prediction-small (190408),0.8385651255356125,0.8315810637107101,0.8344097184575361,0.8315810637107101,0.8317813328252704,0.8379392304978118,0.8315810637107101,0.8315810637107101,0.8315810637107101,0.8315810637107101,0.835736383047663,0.8315810637107101,0.834284436667517,0.8315810637107101,0.8315810637107101,0.8318313828690471,0.8315810637107101,0.8364123093275708
LED-display-domain-7digit (125921),0.728,0.7140000000000001,0.698,0.718,0.734,0.71,0.734,0.71,0.7060000000000001,0.7140000000000001,0.72,0.722,0.736,0.718,0.704,0.704,0.704,0.714
MiceProtein (146800),0.9805555555555556,0.9898148148148148,0.8416666666666666,0.951851851851852,0.926851851851852,0.9842592592592594,0.8870370370370371,0.750925925925926,0.8805555555555555,0.9814814814814816,0.978703703703704,0.998148148148148,0.9916666666666668,0.978703703703704,0.998148148148148,0.9638888888888888,0.6611111111111111,0.975925925925926
PhishingWebsites (14952),0.9605606604862004,0.9702392544164696,0.9481680344971484,0.9719586296056884,0.9525093893448324,0.972953368299608,0.9272734488147742,0.9645403516810814,0.9699691522178492,0.9696070794432672,0.957305360313551,0.97268203873565,0.9704201680672268,0.9526011962720824,0.9687927634539696,0.96707379738653,0.954952582785792,0.9727726182975625
Satellite (167211),0.993529411764706,0.9927450980392156,0.9929411764705882,0.9923529411764708,0.9919607843137256,0.992156862745098,0.993529411764706,0.993529411764706,0.9923529411764708,0.9937254901960784,0.9937254901960784,0.9949019607843136,0.9864705882352942,0.9911764705882352,0.994313725490196,0.9907843137254904,0.9911764705882352,0.9933333333333334
SpeedDating (146607),0.8663183662529264,0.8547381972780388,0.8438750167520667,0.8568846003598486,0.8343283348018125,0.8678679680527399,0.8554537600191615,0.8552152391054539,0.8534235521224511,0.8604666911888407,0.8581986752323191,0.8601084108205519,0.8556921383620899,0.8422055129268925,0.8558104721088785,0.8469802083244227,0.8539007365206457,0.8710900676640918
acute-inflammations (10089),1.0,0.9333333333333332,1.0,1.0,1.0,0.925,1.0,1.0,1.0,1.0,1.0,1.0,1.0,1.0,0.9416666666666668,0.9666666666666666,0.6,1.0
ada-agnostic (3896),0.8542304886943837,0.841953625858958,0.8467791469922069,0.8441490076394487,0.7996487389151216,0.8575214019732045,0.8266085070444162,0.8338472686091597,0.8369174440477561,0.8443649468309724,0.8507265154132597,0.8382289147376099,0.8147745594840494,0.79899564282698,0.8149938577296633,0.8340660869899036,0.8009654881185458,0.8529185381396598
adult-census (3953),0.8705200724351784,0.8500352670754883,0.8541508121988626,0.8532907010340232,0.7992076317951357,0.8713798912793387,0.7914683663762571,0.8092196056273429,0.8484076915417106,0.8550106781915195,0.8612143830826667,0.8517553008111804,0.8427259016489904,0.7844351402648916,0.7970578300828531,0.8534139189151471,0.7854489743881823,0.871441467215953
analcatdata-authorship (3549),0.9797899159663864,0.9952801120448178,0.9369887955182072,0.9952661064425772,0.9892997198879552,0.98812324929972,0.9952661064425772,0.9964425770308124,0.9916946778711484,0.9905182072829132,0.9869467787114846,0.9976330532212884,0.98218487394958,0.9857563025210084,0.995252100840336,0.982156862745098,0.9905462184873948,0.9845378151260504
analcatdata-boxing1 (3540),0.8,0.6166666666666667,0.7583333333333333,0.7833333333333333,0.6083333333333333,0.6833333333333333,0.625,0.65,0.8083333333333333,0.575,0.6666666666666667,0.775,0.8416666666666668,0.675,0.625,0.6,0.625,0.7916666666666667
analcatdata-chlamydia (3739),0.93,0.86,0.91,0.8800000000000001,0.8800000000000001,0.8099999999999999,0.82,0.8400000000000001,0.89,0.8800000000000001,0.93,0.8800000000000001,0.94,0.9,0.93,0.74,0.8099999999999999,0.89
analcatdata-dmft (3560),0.2070886075949367,0.1933386075949366,0.2119936708860759,0.2158544303797468,0.1969303797468354,0.2146518987341771,0.2183227848101265,0.2046360759493671,0.2120569620253164,0.2182911392405063,0.2158227848101265,0.1932436708860759,0.2258860759493671,0.2433544303797468,0.1944936708860759,0.1719145569620253,0.2170411392405063,0.2158702531645569
anneal (2867),0.9922097378277152,0.9843570536828964,0.9866416978776528,0.7773033707865169,0.8797003745318351,0.9877403245942572,0.7717977528089888,0.7705992509363295,0.7616978776529338,0.9320724094881396,0.9866416978776528,0.9810486891385768,0.9677278401997504,0.963258426966292,0.9510237203495632,0.9732709113607988,0.7616978776529338,0.9899750312109864
arrhythmia (5),0.7169565217391305,0.6860386473429951,0.6660869565217391,0.6041062801932366,0.5885507246376811,0.7233816425120774,0.6393719806763285,0.6506763285024155,0.5485507246376812,0.5420289855072464,0.69256038647343,0.6948792270531401,0.6792270531400966,0.6396618357487923,0.6927053140096618,0.5710628019323671,0.5420289855072464,0.7277294685990338
audiology (7),0.7523715415019763,0.7389328063241106,0.7177865612648222,0.5614624505928854,0.5181818181818182,0.7075098814229249,0.7345849802371541,0.5656126482213438,0.4826086956521739,0.7563241106719367,0.7480237154150198,0.80098814229249,0.775098814229249,0.7523715415019763,0.7529644268774703,0.5361660079051384,0.3446640316205533,0.7830039525691699
autos (9),0.7804761904761904,0.5788095238095238,0.7271428571428571,0.5616666666666666,0.4042857142857142,0.7816666666666666,0.409047619047619,0.4623809523809523,0.399047619047619,0.5557142857142857,0.8152380952380952,0.5211904761904762,0.6488095238095238,0.4235714285714286,0.4138095238095237,0.2716666666666666,0.404047619047619,0.8102380952380953
balance-scale (11),0.9072196620583718,0.9551459293394778,0.7856374807987712,0.9567332309267794,0.8991807475678442,0.9136968766001023,0.8720174091141834,0.9791602662570404,0.9727086533538148,0.974321556579621,0.863952892985151,0.9743727598566309,0.9887608806963646,0.9791858678955452,0.9743983614951356,0.9086533538146442,0.9072452636968766,0.8783154121863799
bank-marketing (14965),0.9073235266236556,0.8986088802160757,0.8990289895862652,0.9097343019909742,0.8873725748463043,0.9084514831322814,0.887040775168727,0.8988521598699899,0.9050010658403688,0.904293169787735,0.9038508484803482,0.9085620976990664,0.8988962560192588,0.8855146228505022,0.8863551546417471,0.9069473862258206,0.883369099394726,0.906792558115692
banknote-authentication (10093),0.994895800275045,0.9963609436157832,0.9839733417962552,1.0,1.0,0.9905215275573892,0.9897968898762296,1.0,1.0,1.0,0.9919813815719876,1.0,1.0,0.9992700729927008,1.0,0.9963556542896436,0.9963556542896436,0.9912567438908284
blood-transfusion-service-center (10101),0.7807927927927928,0.7807747747747749,0.7701441441441441,0.7887207207207207,0.754036036036036,0.7887747747747748,0.7740900900900901,0.7767567567567568,0.7647027027027027,0.7873693693693694,0.7673513513513514,0.7887927927927928,0.7793873873873873,0.7794594594594595,0.7594054054054055,0.7821441441441441,0.762054054054054,0.77
blood-transfusion-service-center (145836),0.7807927927927928,0.7848108108108108,0.7901441441441441,0.786036036036036,0.754036036036036,0.7887747747747748,0.7740900900900901,0.7727027027027027,0.7647387387387388,0.7873693693693694,0.7740720720720721,0.7981621621621622,0.7700720720720721,0.782108108108108,0.7673873873873874,0.7821441441441441,0.762054054054054,0.77
breast-cancer (145799),0.7657635467980295,0.6991379310344827,0.730911330049261,0.7413793103448276,0.7134236453201971,0.7061576354679803,0.7481527093596059,0.7241379310344828,0.7102216748768473,0.7593596059113301,0.7481527093596059,0.7384236453201971,0.7593596059113301,0.7380541871921182,0.7097290640394089,0.6714285714285715,0.7135467980295567,0.7032019704433498
breast-w (15),0.9713664596273291,0.9585300207039336,0.9527536231884058,0.9599378881987578,0.9713664596273291,0.9585093167701864,0.9670807453416148,0.9513457556935816,0.9613664596273293,0.9713871635610763,0.9656521739130436,0.962815734989648,0.9613457556935818,0.9613664596273293,0.965672877846791,0.9585300207039336,0.9656521739130436,0.9556107660455486
car (146821),0.9670352197876058,0.9901734104046244,0.9710713805619036,0.9988439306358382,0.922459335932249,0.9913126764350046,0.6858011829546982,0.8518450060492002,0.9953723618765964,0.9901633284043556,0.9676031724694178,0.9976878612716764,0.9965317919075144,0.993631536496841,0.9947943271945154,0.9959436752251648,0.7002352466729399,0.9930602231482728
car-evaluation (146192),0.9942162925124344,0.9895752117220056,0.9658657077564188,0.9924821884661916,0.921303266568087,0.993631536496841,0.9125991396693104,0.9878444683425192,0.9901666890711118,0.9942129318456784,0.9589124882376664,0.9971098265895952,0.99768450060492,0.993631536496841,0.998840569969082,0.9971098265895952,0.7002352466729399,0.9947842451942466
cardiotocography (9979),1.0,0.99811320754717,0.999056603773585,0.9976481530693596,0.3918482593675259,1.0,0.5155638231907166,0.7469771458942334,0.3865776419523429,0.902628665072194,0.995765789706794,0.9035632031180796,1.0,0.7493024182832846,0.9054544246611748,0.9981154220923022,0.4388896270705997,1.0
churn (167141),0.958,0.9386,0.9446,0.9114,0.8657999999999999,0.9574,0.8596,0.8674,0.9106,0.963,0.9516,0.9362,0.9364,0.8628,0.8897999999999999,0.954,0.8634000000000001,0.9546
cjs (14967),1.0,0.7832821300563235,0.9620762928827444,1.0,0.7639490527393753,0.9989272913466462,0.3068766001024065,0.5425499231950844,0.9989285714285714,0.6981413210445468,0.6441730670762928,0.9971364567332308,0.9996428571428572,0.687041730670763,0.4982078853046595,0.9978558627752177,0.6326856118791603,0.9989260112647208
cmc (23),0.5580391616105902,0.558043758043758,0.5350340136054422,0.5444612980327266,0.5492232027946313,0.5288747931605075,0.5133020775877919,0.5533094318808605,0.5607602500459643,0.5546745725317154,0.5397545504688362,0.5526659312373599,0.5037690751976467,0.515324508181651,0.5458540172825888,0.5125528589814304,0.5499080713366428,0.5566832138260709
colic (25),0.8641141141141141,0.7933933933933934,0.8614114114114114,0.8395645645645645,0.6415165165165165,0.8343093093093094,0.8262762762762763,0.730930930930931,0.8313813813813814,0.8505255255255255,0.8394894894894895,0.7827327327327327,0.7990240240240241,0.7496246246246246,0.7716966966966967,0.7742492492492492,0.6873873873873875,0.8722972972972973
colic (27),0.8233483483483484,0.826051051051051,0.8315315315315315,0.842042042042042,0.7092342342342343,0.8315315315315315,0.8312312312312313,0.7637387387387388,0.8098348348348349,0.8451951951951953,0.8424174174174175,0.8340840840840841,0.8207207207207208,0.7822822822822822,0.78003003003003,0.7415165165165165,0.7227477477477477,0.8450450450450451
collins (3567),1.0,0.8699999999999999,1.0,1.0,0.65,0.992,0.708,0.48,0.626,0.8619999999999999,0.8459999999999999,0.988,1.0,0.796,0.978,0.97,0.53,0.99
credit-approval (29),0.8753623188405797,0.8507246376811594,0.8521739130434783,0.855072463768116,0.6811594202898551,0.8579710144927537,0.827536231884058,0.7811594202898551,0.8521739130434783,0.8579710144927537,0.8565217391304347,0.8579710144927537,0.855072463768116,0.846376811594203,0.844927536231884,0.8217391304347826,0.6971014492753623,0.8681159420289856
cylinder-bands (14954),0.8055555555555556,0.7407407407407407,0.7407407407407407,0.7,0.6351851851851852,0.8037037037037036,0.662962962962963,0.575925925925926,0.6203703703703705,0.7296296296296296,0.8037037037037036,0.7240740740740741,0.7666666666666667,0.5777777777777777,0.6944444444444444,0.6759259259259259,0.5814814814814815,0.825925925925926
dermatology (35),0.980855855855856,0.9671171171171172,0.9506006006006008,0.978078078078078,0.8524024024024024,0.9424924924924925,0.9672672672672672,0.9506756756756758,0.93978978978979,0.9698948948948948,0.967192192192192,0.96981981981982,0.9725975975975976,0.972747747747748,0.9645645645645644,0.948048048048048,0.9452702702702704,0.9753753753753754
diabetes (37),0.7668489405331511,0.7422248803827751,0.7395078605604921,0.7564422419685577,0.7474025974025974,0.7578263841421736,0.7733424470266576,0.7133971291866029,0.6795454545454546,0.7421394395078605,0.7590567327409433,0.7499658236500342,0.6601161995898839,0.6978298017771702,0.7408578263841422,0.7225222146274778,0.7278537252221463,0.743421052631579
dna (167140),0.9579404980185722,0.9488417026478184,0.9168135486287732,0.956060606060606,0.8606553498550896,0.9610752942568166,0.9441286646556654,0.94192740679403,0.95040811498196,0.9582549634273771,0.9431832968592893,0.948840716862838,0.9522949074347904,0.9610664221919916,0.9591934307288892,0.9422408864178544,0.9325131602294908,0.9585644999112796
dresses-sales (125920),0.62,0.54,0.604,0.622,0.5780000000000001,0.592,0.576,0.554,0.618,0.592,0.5860000000000001,0.596,0.624,0.538,0.584,0.542,0.592,0.604
ecoli (145977),0.8721033868092691,0.8481283422459892,0.8273618538324421,0.7534759358288771,0.8720142602495544,0.8303030303030303,0.7975935828877005,0.6428698752228164,0.7681818181818182,0.8067736185383243,0.859982174688057,0.8602495543672013,0.8573083778966131,0.8631907308377895,0.866131907308378,0.8362745098039216,0.4256684491978609,0.8362745098039216
elevators (3711),0.8956569859909802,0.8618596991946085,0.8325807751802872,0.7766738563657887,0.7083555560397103,0.8927651292330262,0.7551659077539815,0.7555878123706399,0.7565518130387735,0.7910719187781868,0.8476423233621647,0.7784193192299034,0.7743249308263797,0.7439005933317355,0.7378753712862298,0.903126792885829,0.7467321728142226,0.8968018184855152
eucalyptus (2079),0.6696964087375046,0.6317845242502776,0.6301740096260644,0.6113476490188818,0.4606442058496853,0.6533506108848575,0.4335431321732691,0.452462051092188,0.3395409107737874,0.6616623472787856,0.6615697889670493,0.5678267308404294,0.6834135505368382,0.3574231766012588,0.6412254720473898,0.5054609403924473,0.4496667900777489,0.6710107367641613
fertility (9984),0.8800000000000001,0.8699999999999999,0.8,0.8400000000000001,0.8700000000000001,0.8099999999999999,0.8800000000000001,0.8800000000000001,0.8800000000000001,0.8800000000000001,0.8700000000000001,0.79,0.86,0.86,0.8800000000000001,0.73,0.8700000000000001,0.85
fri-c0-100-5 (3620),0.8400000000000001,0.8400000000000001,0.8300000000000001,0.85,0.8400000000000001,0.76,0.8400000000000001,0.86,0.8699999999999999,0.85,0.85,0.91,0.8800000000000001,0.8300000000000001,0.8699999999999999,0.71,0.49,0.8099999999999999
fri-c3-100-5 (3779),0.82,0.76,0.76,0.89,0.78,0.75,0.65,0.79,0.82,0.89,0.8,0.8,0.8800000000000001,0.8800000000000001,0.85,0.6900000000000001,0.6,0.75
glass (40),0.7437229437229437,0.6038961038961038,0.6558441558441558,0.608008658008658,0.6218614718614719,0.7393939393939394,0.6218614718614719,0.4722943722943722,0.393073593073593,0.6175324675324675,0.7534632034632034,0.6547619047619048,0.6738095238095239,0.6313852813852814,0.6692640692640692,0.3729437229437229,0.3645021645021645,0.7528138528138528
hayes-roth (146063),0.7875,0.725,0.8125,0.7375,0.5625,0.79375,0.53125,0.65625,0.5875,0.7125,0.7875,0.76875,0.69375,0.8,0.775,0.475,0.6875,0.76875
heart-c (48),0.8379569892473118,0.7919354838709678,0.7786021505376344,0.8281720430107526,0.6531182795698924,0.7984946236559141,0.8640860215053763,0.7424731182795699,0.7813978494623656,0.8212903225806452,0.8217204301075268,0.8049462365591398,0.8447311827956989,0.6635483870967741,0.7880645161290323,0.7131182795698925,0.6932258064516128,0.811505376344086
heart-h (50),0.8331034482758621,0.7957471264367817,0.7759770114942529,0.8162068965517241,0.6840229885057472,0.7964367816091954,0.8028735632183908,0.7385057471264368,0.8434482758620689,0.792528735632184,0.785632183908046,0.8331034482758621,0.8301149425287356,0.7211494252873563,0.7855172413793103,0.730919540229885,0.6804597701149425,0.7960919540229885
hill-valley (145847),0.5122950819672132,0.7606489635550738,0.5139953935781059,0.8201463216366346,0.5057715756672537,0.5750643544235199,0.9628912071535024,0.7507112857336404,0.7565844736485572,0.5132231404958677,0.554491261346701,0.7408413494106489,0.5148218398590977,0.5396694214876032,0.7879149166779569,0.5090570383416881,0.5189743937135889,0.5561170573093077
ilpd (9971),0.7066335476329633,0.694739918176505,0.670864991233197,0.7168907071887785,0.6965225014611338,0.6776446522501461,0.7155756867329047,0.6980128579777908,0.7050555230859146,0.7152834599649328,0.6878725891291643,0.7101402688486266,0.6997954412624197,0.7135593220338983,0.711864406779661,0.6515780245470485,0.7135593220338983,0.6879018118059614
ionosphere (145984),0.9257936507936508,0.9314285714285716,0.8973015873015873,0.9143650793650794,0.8319047619047619,0.9143650793650794,0.8774603174603175,0.9400793650793652,0.9485714285714286,0.8888095238095237,0.9257142857142858,0.9343650793650792,0.9542857142857144,0.903015873015873,0.92015873015873,0.8885714285714286,0.920079365079365,0.917142857142857
iris (59),0.9533333333333334,0.94,0.9533333333333334,0.9266666666666664,0.9533333333333334,0.9466666666666668,0.9666666666666666,0.9866666666666668,0.9733333333333332,0.9666666666666666,0.9666666666666666,0.9733333333333332,0.94,0.9533333333333334,0.9666666666666666,0.78,0.4733333333333333,0.9533333333333334
irish (3543),1.0,0.964,1.0,1.0,0.82,0.98,0.768,0.934,1.0,0.988,0.998,1.0,1.0,0.988,0.982,0.994,0.962,0.99
jasmine (168911),0.816006374716617,0.7804886534533456,0.7831788287580526,0.8029348387241588,0.7804864088348186,0.8032782653588022,0.7925489887993535,0.7841720724562861,0.7861731498731791,0.7878644699333348,0.8103151444412022,0.7885243877802968,0.8049325492132612,0.7868465354313035,0.7922190298758726,0.781824201476959,0.7804920203811363,0.8160052524073533
jm1 (3904),0.8164438502673796,0.8127683924809593,0.8082680920164209,0.8092780242262194,0.8050528682547398,0.8173626303138335,0.7831870678712256,0.8105652109328579,0.8101964666720682,0.8105643669313455,0.8130452249770432,0.8093706955922866,0.8116670549073625,0.8084517467455301,0.809003723734673,0.8093701047912278,0.807808364392589,0.8138698144547074
kc1 (3917),0.859652448657188,0.8601196118257729,0.8473188896411645,0.8468449559918755,0.847795080117355,0.8506273978785828,0.8444707740916272,0.8501647483638004,0.84968855788761,0.8558519521552697,0.8553780185059805,0.8492146242383208,0.8506341683592868,0.8468449559918755,0.8468449559918755,0.8511103588354774,0.8492191378921238,0.8544301512074023
kc2 (3913),0.8505442670537011,0.8276487663280117,0.810268505079826,0.8256894049346879,0.8352322206095792,0.8276124818577649,0.8218432510885341,0.8160014513788099,0.8103047895500726,0.8313860667634252,0.8410740203193032,0.8371915820029028,0.8238388969521045,0.8064223512336721,0.8255805515239478,0.8296081277213354,0.8256894049346879,0.8314949201741655
kr-vs-kp (3),0.993739224137931,0.9943681426332288,0.992801724137931,0.9943671630094044,0.9580691614420064,0.9924882445141066,0.9586990595611284,0.9924911833855798,0.9940556426332288,0.9928007445141066,0.9777762539184952,0.9931152037617554,0.9934296630094044,0.99342868338558,0.9953066222570532,0.9912402037617556,0.975898315047022,0.993737264890282
labor (4),0.95,0.9,0.9166666666666666,0.93,0.91,0.8033333333333333,0.95,0.9133333333333332,0.95,0.95,0.93,0.91,0.95,0.8400000000000001,0.95,0.5933333333333334,0.6466666666666667,0.9166666666666669
libras (360948),0.3861111111111111,0.4666666666666667,0.3722222222222222,0.3444444444444444,0.3611111111111111,0.4,0.3305555555555556,0.3222222222222222,0.3444444444444444,0.4555555555555555,0.4277777777777777,0.3722222222222222,0.4138888888888889,0.3972222222222222,0.4416666666666667,0.3055555555555555,0.3416666666666667,0.4333333333333333
lung-cancer (146024),0.5083333333333333,0.475,0.3916666666666666,0.4083333333333333,0.5,0.4,0.5083333333333333,0.5333333333333333,0.5,0.5333333333333333,0.375,0.4166666666666666,0.4416666666666666,0.4416666666666667,0.375,0.4333333333333333,0.3666666666666666,0.4916666666666666
lymph (10),0.8095238095238095,0.7771428571428571,0.77,0.8038095238095238,0.7352380952380952,0.738095238095238,0.8028571428571428,0.7633333333333334,0.8033333333333333,0.7633333333333333,0.8109523809523809,0.8166666666666667,0.8295238095238096,0.8033333333333333,0.7557142857142857,0.5257142857142857,0.5476190476190477,0.8442857142857143
mfeat-factors (12),0.962,0.9725,0.8825,0.9525,0.943,0.9665,0.961,0.9275,0.9525,0.9325,0.964,0.977,0.9305,0.6115,0.977,0.9685,0.866,0.967
mfeat-fourier (14),0.8240000000000001,0.8465,0.747,0.8455,0.843,0.827,0.8095000000000001,0.7845000000000001,0.819,0.8484999999999999,0.8160000000000001,0.8390000000000001,0.8619999999999999,0.842,0.8644999999999999,0.8215,0.7144999999999999,0.8365
mfeat-karhunen (16),0.9565,0.968,0.8074999999999999,0.9615,0.9725,0.9545,0.954,0.9605,0.971,0.971,0.948,0.969,0.956,0.972,0.9815,0.946,0.972,0.9555
mfeat-morphological (18),0.716,0.744,0.697,0.6815,0.491,0.723,0.496,0.3635,0.1,0.6984999999999999,0.7205,0.7144999999999999,0.665,0.65,0.7344999999999999,0.748,0.3045,0.7274999999999999
mfeat-zernike (22),0.7725000000000001,0.842,0.693,0.836,0.8225,0.7745,0.807,0.837,0.8494999999999999,0.827,0.7575000000000001,0.837,0.602,0.818,0.8885,0.8254999999999999,0.826,0.7875
monks-problems-2 (146065),0.9301092896174864,0.98,0.9616939890710382,1.0,0.7187704918032787,0.9683606557377048,0.6373497267759562,0.995,1.0,0.9933333333333334,0.9417486338797816,1.0,1.0,0.9966666666666668,0.995,0.9983333333333332,0.8635792349726776,0.98172131147541
mushroom (24),1.0,0.9992610837438424,1.0,1.0,0.9988925344918476,0.9992618411405788,0.952734050739522,1.0,1.0,1.0,0.9996308448306156,1.0,1.0,1.0,0.999384236453202,1.0,0.9992619926199262,1.0
musk (3950),0.9996969696969696,0.9986361337195936,1.0,0.9995454545454546,0.9640796431691728,0.9974237825907022,1.0,0.9995454545454546,0.9996967397801996,1.0,0.9995452246286844,0.9995454545454546,0.9963622568630156,0.9980298431967628,1.0,0.9993939393939394,0.9942405849082632,1.0
ozone-level-8hr (9978),0.942773334163269,0.940404904920482,0.931723257912919,0.9380427001960724,0.9376474432790765,0.9419921571068436,0.9396206156048676,0.9372490741028914,0.9368584855746788,0.9368584855746788,0.9415922318010644,0.9364663409168716,0.9384410693722574,0.9368584855746788,0.9404142416980484,0.9392097973919268,0.9368584855746788,0.942381189505462
page-blocks (30),0.9725950439690948,0.9607187178905512,0.9691225530097812,0.9634606146332352,0.9563318165441226,0.974056232402354,0.95249636370915,0.9543221820413936,0.9566981144664328,0.9587087497831568,0.972226744418794,0.9353200603157236,0.9727791937442452,0.9535975927087365,0.9442696726671024,0.968389957165161,0.950305248268592,0.973507119123554
pc1 (3918),0.935978705978706,0.9287714987714988,0.9323751023751023,0.9341687141687144,0.9332760032760034,0.9215642915642916,0.9305733005733006,0.9287469287469288,0.9323751023751023,0.9305733005733006,0.9341687141687144,0.9305733005733006,0.926060606060606,0.9305733005733006,0.9305733005733006,0.926076986076986,0.9305733005733006,0.9341605241605242
pc3 (3903),0.8976400457292177,0.8931732810713703,0.8912461211824269,0.895708802874408,0.8963498285154337,0.8982647395067778,0.8938020578147967,0.8880532418748979,0.8976318797974849,0.8976318797974849,0.8976441286950841,0.8976318797974849,0.8976318797974849,0.8976318797974849,0.9001918993957212,0.88932304425935,0.8963539114813001,0.8963416625837007
pc4 (3902),0.9081058101086444,0.9025932923948984,0.8929900803023146,0.9026263580538496,0.8744969296173831,0.906036844591403,0.8854700047236654,0.87656117146906,0.8779215871516296,0.8779215871516296,0.894397732640529,0.8758667926310817,0.8875011809163912,0.8820595181861124,0.8820311761927255,0.8923382144544167,0.8772413793103448,0.9053424657534248
phoneme (9952),0.8819411925789005,0.8802844526596838,0.8664054905182447,0.896935031149449,0.8743516807010338,0.9080321078934755,0.7490733894708017,0.8802779489285959,0.886570479906894,0.8943407270486754,0.8987851714931198,0.867871568426097,0.883797494352023,0.8713965906757034,0.8604747723694119,0.8797206818648593,0.8602899294858629,0.9034069281851168
postoperative-patient-data (146210),0.6847222222222222,0.6569444444444444,0.673611111111111,0.6722222222222223,0.7166666666666667,0.6833333333333333,0.7277777777777777,0.7277777777777777,0.6833333333333333,0.6722222222222223,0.6930555555555555,0.5694444444444444,0.6944444444444444,0.7166666666666666,0.7513888888888889,0.6,0.7277777777777777,0.6597222222222222
primary-tumor (146032),0.466042780748663,0.4397504456327986,0.4103386809269162,0.3776292335115864,0.4131016042780748,0.4661319073083779,0.4984848484848484,0.3745989304812834,0.2890374331550802,0.3896613190730837,0.4749554367201425,0.4515151515151515,0.4868092691622103,0.4514260249554366,0.4219251336898395,0.3425133689839572,0.2538324420677361,0.4602495543672014
profb (3561),0.7262510974539069,0.6516900790166813,0.6576382791922739,0.715649692712906,0.6726514486391572,0.67842405618964,0.6800921861281826,0.6815408252853381,0.6935250219490781,0.6696224758560141,0.6785557506584723,0.7128402107111501,0.692054433713784,0.6442712906057946,0.6755487269534679,0.6071992976294995,0.6725417032484635,0.6473222124670764
qsar-biodeg (9957),0.864438454627134,0.8692273135669362,0.8360197663971249,0.8796316262353999,0.8028661275831087,0.8474303683737647,0.860691823899371,0.8692273135669362,0.8597035040431267,0.8672686433063792,0.8597753818508537,0.8758849955076371,0.8777088948787062,0.8559658580413299,0.8569092542677449,0.8539982030548069,0.8408086253369274,0.8692003593890387
rabe-266 (3647),0.9583333333333331,0.925,0.9666666666666666,0.95,0.9666666666666666,0.9083333333333334,0.9333333333333332,0.925,0.8916666666666666,0.975,0.9583333333333331,0.9666666666666666,0.9,0.9333333333333332,0.95,0.8666666666666666,0.8,0.95
satimage (2074),0.9021772939346812,0.9188180404354588,0.8611197511664075,0.9065318818040436,0.9032659409020216,0.9152410575427684,0.8555209953343701,0.8992223950233281,0.9035769828926906,0.9166407465007776,0.9027993779160188,0.9105754276827372,0.9199066874027994,0.9166407465007776,0.912597200622084,0.9104199066874028,0.9079315707620528,0.9132192846034216
scene (3485),0.987121369294606,0.980482365145228,0.9268862378976488,0.9887828492392808,0.9426694329183956,0.9862914937759336,0.9875345781466114,0.985878284923928,0.9842081604426004,0.9879547026279392,0.9102679806362378,0.9821421161825729,0.987121369294606,0.9867047026279392,0.9879547026279392,0.9800553250345784,0.9459975795297372,0.9846300138312586
semeion (9964),0.9272012578616352,0.936623427672956,0.7552240566037736,0.9152633647798742,0.9076886792452832,0.9271776729559748,0.9184040880503144,0.9046108490566038,0.9228026729559748,0.9372287735849056,0.9322051886792452,0.9234198113207548,0.9265723270440251,0.9466548742138364,0.9585809748427672,0.907130503144654,0.9334591194968552,0.9184080188679244
sick (3021),0.987801917112262,0.9787903667214012,0.984885548678652,0.9830308899274416,0.9390271286823012,0.9870089680434508,0.9626149074424936,0.967390144976352,0.9726909744151124,0.9803797734832218,0.9846202966892624,0.9750810492189804,0.9761399520020207,0.9379640155502224,0.966064586754242,0.9734874321081218,0.9427357444598824,0.990189886741611
socmob (3797),0.9515592203898052,0.9377511244377812,0.9264767616191906,0.9455097451274362,0.9221664167916044,0.9420689655172414,0.9273313343328335,0.9256221889055471,0.9463868065967016,0.9316866566716644,0.9368515742128936,0.94119940029985,0.9463643178410794,0.9255922038980512,0.9264767616191906,0.931664167916042,0.9134782608695652,0.948110944527736
sonar (39),0.8361904761904763,0.8028571428571428,0.6830952380952381,0.8466666666666667,0.7538095238095238,0.7980952380952381,0.7940476190476191,0.8609523809523809,0.8561904761904762,0.8323809523809524,0.8216666666666667,0.8607142857142858,0.8073809523809524,0.7652380952380952,0.8747619047619046,0.5719047619047618,0.7795238095238095,0.7969047619047619
spambase (43),0.949144581722154,0.9434905215505044,0.918935207016882,0.9471861737244176,0.7920065075921909,0.9545774780722438,0.9221899462416298,0.9393633877204564,0.9378421201546732,0.9510987456380272,0.9347991134584552,0.9313203810242384,0.955011789116288,0.9408855984155428,0.9365373007639348,0.9430557389418088,0.9284952371970198,0.95588465528624
splice (45),0.9592476489028212,0.9153605015673982,0.9206896551724136,0.9539184952978056,0.6849529780564263,0.9620689655172414,0.8250783699059561,0.8420062695924765,0.9532915360501568,0.9329153605015672,0.9529780564263324,0.9551724137931034,0.9586206896551724,0.9191222570532916,0.8557993730407525,0.9479623824451412,0.8009404388714734,0.9589341692789968
steel-plates-fault (146817),0.7882394924662967,0.7562965900079301,0.7248823684906159,0.4945836637589215,0.5043880518107322,0.7995955590800952,0.4559370869680147,0.3606079830822098,0.3544620671424794,0.5919719799101243,0.7640338355802273,0.5115939730372719,0.6707877346021676,0.4580385937086967,0.5404520222045995,0.7419058947924928,0.3467301083795928,0.8011287338091462
synthetic-control (3512),0.9816666666666668,0.9733333333333332,0.9066666666666666,0.975,0.9783333333333332,0.9783333333333332,0.95,0.9616666666666668,0.9566666666666668,0.935,0.9666666666666666,0.9833333333333332,0.875,0.8883333333333333,0.9966666666666668,0.9783333333333332,0.9366666666666664,0.975
tae (47),0.6241666666666666,0.4654166666666667,0.5829166666666666,0.5779166666666666,0.3845833333333333,0.5650000000000001,0.4912499999999999,0.56375,0.5575,0.5241666666666667,0.6233333333333333,0.5516666666666666,0.5245833333333334,0.4654166666666667,0.4704166666666666,0.3383333333333333,0.3975,0.6558333333333334
tic-tac-toe (49),0.9446162280701754,0.9770394736842104,0.8662390350877193,0.9833004385964912,0.8277631578947368,0.9791337719298246,0.6962280701754386,0.9050109649122806,0.9874890350877192,0.9833004385964912,0.944627192982456,0.9843530701754386,0.991655701754386,0.942532894736842,0.995811403508772,0.9812280701754386,0.7943859649122806,0.9926973684210528
transplant (3748),0.976923076923077,0.9406593406593406,0.9846153846153848,0.9538461538461538,0.9923076923076924,0.9923076923076924,0.9923076923076924,0.9851648351648352,0.9181318681318682,0.9846153846153848,0.9692307692307692,0.9631868131868132,0.96978021978022,0.9774725274725276,0.9846153846153848,0.9467032967032968,0.8230769230769232,0.9923076923076924
vehicle (53),0.7683473389355743,0.776498599439776,0.6997759103641457,0.6713305322128852,0.652563025210084,0.754187675070028,0.7245658263305322,0.6878151260504202,0.6490056022408963,0.7374229691876751,0.7411624649859945,0.7944117647058824,0.4089495798319327,0.4610084033613445,0.8380532212885153,0.8014565826330532,0.7316526610644257,0.7446778711484594
visualizing-environmental (3602),0.6666666666666667,0.7393939393939395,0.6303030303030303,0.6757575757575758,0.6121212121212121,0.703030303030303,0.6946969696969697,0.6575757575757576,0.693939393939394,0.6484848484848484,0.7015151515151515,0.693939393939394,0.634090909090909,0.703030303030303,0.6666666666666667,0.621969696969697,0.5765151515151514,0.6651515151515152
visualizing-livestock (3731),0.8384615384615385,0.8153846153846154,0.8538461538461538,0.8307692307692308,0.7846153846153847,0.8076923076923077,0.7769230769230769,0.8076923076923077,0.8230769230769232,0.7846153846153847,0.8076923076923077,0.8230769230769232,0.8384615384615385,0.8,0.8,0.8076923076923077,0.8076923076923077,0.8
vowel (3022),0.9363636363636364,0.983838383838384,0.793939393939394,0.9676767676767676,0.888888888888889,0.9323232323232324,0.6242424242424243,0.8282828282828284,0.9525252525252524,0.9777777777777776,0.9383838383838384,0.9777777777777776,0.9787878787878788,0.9717171717171716,0.9797979797979798,0.9535353535353536,0.8272727272727274,0.906060606060606
wall-robot-navigation (9960),0.9948691064287394,0.9472120845515342,0.9952360789058036,0.9267086735894076,0.861072016668347,0.9972517390866016,0.6968511610713446,0.8508088853042981,0.8801324058204791,0.9543593104143564,0.9915703867997449,0.9206368249487517,0.9748922942500924,0.9319978492455556,0.9274174143898914,0.955459891790167,0.8379752663238902,0.9970689249588331
wdbc (9946),0.9666353383458648,0.9473057644110277,0.9262531328320802,0.9455513784461154,0.9385338345864662,0.949091478696742,0.9525689223057644,0.9332706766917294,0.9209899749373436,0.9473370927318296,0.9613408521303258,0.95078320802005,0.9280075187969926,0.8824248120300752,0.9437969924812032,0.949091478696742,0.9086779448621554,0.9596177944862156
wilt (146820),0.9832606129048816,0.9880152456239412,0.9807825573635852,0.9772693051349176,0.977269732902144,0.9814019643071026,0.968176684975104,0.9791288092671492,0.9807812740619064,0.9460632582174084,0.9816077203428982,0.9882205738925108,0.9460632582174084,0.9460632582174084,0.9869821877727016,0.984913077699639,0.9460632582174084,0.984915644302996
yeast (145793),0.6485439320084989,0.6319897512810899,0.5949506311711036,0.6154418197725284,0.6170353705786777,0.6296400449943758,0.6209536307961505,0.6272340957380328,0.625684289463817,0.6312023497062867,0.6351143607049119,0.6375140607424072,0.6430446194225722,0.6185789276340458,0.6272528433945757,0.6233470816147981,0.6280527434070742,0.6304336957880265
