,cluster
anneal,0
anneal.orig,0
arrhythmia,1
audiology,2
autos,3
balance.scale,4
breast.cancer,5
breast.w,6
bridges.version1,7
bridges.version2,7
car,8
cmc,9
colic,10
colic.orig,11
column2C,12
column3C,12
credit.a,13
credit.g,14
cylinder.bands,15
dermatology,16
diabetes,17
ecoli,18
flags,19
glass,20
haberman,21
heart.c,22
heart.h,22
heart.statlog,23
hepatitis,24
hypothyroid,25
ionosphere,26
iris,27
kr.vs.kp,28
labor,29
letter,30
lymph,31
mushroom,32
nursery,33
optdigits,34
page.blocks,35
pendigits,36
postoperative.patient.data,37
primary.tumor,38
segment,39
sick,25
solar.flare1,40
solar.flare2,40
sonar,41
soybean,42
spambase,43
spect.test,44
spect.train,44
spectf.test,45
spectf.train,45
spectrometer,46
splice,47
tae,48
tic-tac-toe,49
vehicle,50
vote,51
vowel,52
waveform5000,53
wine,54
zoo,55
